[
  {
    "id": "chabad-bloomsbury-central-london",
    "cityId": "london",
    "category": "chabad",
    "name": "Chabad Bloomsbury / Central London",
    "address": "85 Great Titchfield Street, London W1W 6RJ, UK",
    "website": "https://www.chabadw1.org/",
    "source_url": "https://he.chabad.org/jewish-centers/439670/London/Campus-Chabad-House/Chabad-Lubavitch-of-Bloomsbury-Central-London"
  },
  {
    "id": "chabad-hampstead-garden-suburb",
    "cityId": "london",
    "category": "chabad",
    "name": "Chabad of Hampstead Garden Suburb",
    "address": "39-41 Falloden Way (Market Place), London NW11 6JT, UK",
    "website": "https://www.chabadhgs.org/",
    "source_url": "https://he.chabad.org/jewish-centers/4646187/London/Synagogue/Chabad-of-Hampstead-Garden-Suburb"
  },
  {
    "id": "chabad-belgravia",
    "cityId": "london",
    "category": "chabad",
    "name": "Chabad Belgravia",
    "address": "11 Grosvenor Place, London SW1X 7HH, UK",
    "website": "",
    "source_url": "https://he.chabad.org/jewish-centers/6788425/London/Chabad-Belgravia"
  },
  {
    "id": "reubens-london",
    "cityId": "london",
    "category": "restaurant",
    "name": "Reubens",
    "address": "79 Baker St, London W1U 6RG, UK",
    "website": "https://reubensrestaurant.com/",
    "source_url": "https://reubensrestaurant.com/"
  },
  {
    "id": "novellino",
    "cityId": "london",
    "category": "restaurant",
    "name": "Novellino",
    "address": "103 Golders Green Road, London NW11 8EN, UK",
    "website": "https://novellinorestaurant.com/",
    "source_url": "https://novellinorestaurant.com/restaurant-novellino/"
  },
  {
    "id": "kosher-kingdom",
    "cityId": "london",
    "category": "grocery",
    "name": "Kosher Kingdom",
    "address": "7 Russell Parade, Golders Green Road, London NW11 9NN, UK",
    "website": "https://kosherkingdom.co.uk/",
    "source_url": "https://kosherkingdom.co.uk/parking/"
  },
  {
    "id": "chabad-midtown-manhattan",
    "cityId": "newyork",
    "category": "chabad",
    "name": "Chabad of Midtown Manhattan",
    "address": "509 5th Avenue, New York, NY 10017, USA",
    "website": "https://www.chabadmidtown.com/",
    "source_url": "https://www.chabad.org/jewish-centers/117905/New-York/Synagogue/Chabad-Lubavitch-of-Midtown-Manhattan"
  },
  {
    "id": "chabad-upper-east-side",
    "cityId": "newyork",
    "category": "chabad",
    "name": "Chabad Upper East Side",
    "address": "419 East 77th Street, New York, NY 10075, USA",
    "website": "https://www.chabaduppereastside.com/",
    "source_url": "https://www.chabaduppereastside.com/"
  },
  {
    "id": "2nd-ave-deli",
    "cityId": "newyork",
    "category": "restaurant",
    "name": "2nd Ave Deli",
    "address": "162 East 33rd Street, New York, NY 10016, USA",
    "website": "https://2ndavedeli.com/",
    "source_url": "https://2ndavedeli.com/locations/"
  },
  {
    "id": "izzys-brooklyn-smokehouse",
    "cityId": "newyork",
    "category": "restaurant",
    "name": "Izzy’s Brooklyn Smokehouse",
    "address": "397 Troy Avenue, Brooklyn, NY 11213, USA",
    "website": "https://izzyssmokehouse.com/",
    "source_url": "https://izzyssmokehouse.com/"
  },
  {
    "id": "the-kosher-marketplace",
    "cityId": "newyork",
    "category": "grocery",
    "name": "The Kosher Marketplace",
    "address": "2442 Broadway, New York, NY 10024, USA",
    "website": "https://thekmp.com/",
    "source_url": "https://thekmp.com/"
  },
  {
    "id": "pomegranate-supermarket",
    "cityId": "newyork",
    "category": "grocery",
    "name": "Pomegranate Supermarket",
    "address": "1507 Coney Island Avenue, Brooklyn, NY 11230, USA",
    "website": "https://thepompeople.com/",
    "source_url": "https://thepompeople.com/"
  },
  {
    "id": "chabad-house-berlin",
    "cityId": "berlin",
    "category": "chabad",
    "name": "Chabad House Berlin",
    "address": "Münstersche Straße 6, 10709 Berlin, Germany",
    "website": "https://chabadberlin.de/",
    "source_url": "https://chabadberlin.de/en/chabad-house/"
  },
  {
    "id": "chabad-israeli-center",
    "cityId": "berlin",
    "category": "chabad",
    "name": "Chabad Israeli Center",
    "address": "Karl-Liebknecht-Straße 34, 10178 Berlin, Germany",
    "website": "",
    "source_url": "https://www.chabad.org/jewish-centers/318221/Berlin/Israeli-Center/Chabad-Israeli-Center"
  },
  {
    "id": "feinbergs",
    "cityId": "berlin",
    "category": "restaurant",
    "name": "Feinberg’s",
    "address": "Fuggerstraße 35, 10777 Berlin, Germany",
    "website": "https://www.feinbergs.de/",
    "source_url": "https://www.worldjewishtravel.org/listing/restaurant-feinbergs/"
  },
  {
    "id": "kosherlife-berlin",
    "cityId": "berlin",
    "category": "grocery",
    "name": "KosherLife",
    "address": "Brunnenstraße 31a, 10119 Berlin, Germany",
    "website": "",
    "source_url": "https://www.kosherberlin.de/p/shopping.html"
  },
  {
    "id": "kosher4all",
    "cityId": "berlin",
    "category": "grocery",
    "name": "Kosher4all",
    "address": "Waitzstraße 13, 10629 Berlin, Germany",
    "website": "",
    "source_url": "https://www.kosherberlin.de/p/shopping.html"
  }
]
