[
  {
    "id": "l-001",
    "cityId": "london",
    "name": "London Levana Kosher Bistro",
    "category": "restaurant",
    "address": "121 Central District, London",
    "phone": "+32 940 9779",
    "website": "",
    "lat": 51.491545,
    "lng": -0.169698,
    "isVerified": true,
    "isFeatured": true,
    "featuredRank": 1,
    "tags": [
      "meat",
      "family"
    ],
    "notes": "Popular with travelers for Friday lunch."
  },
  {
    "id": "l-002",
    "cityId": "london",
    "name": "London Jerusalem Grill",
    "category": "restaurant",
    "address": "122 City Center, London",
    "phone": "+31 188 8104",
    "website": "",
    "lat": 51.470872,
    "lng": -0.117865,
    "isVerified": false,
    "isFeatured": false,
    "featuredRank": 2,
    "tags": [
      "dairy",
      "family"
    ],
    "notes": ""
  },
  {
    "id": "l-003",
    "cityId": "london",
    "name": "London Shalom Kitchen",
    "category": "restaurant",
    "address": "123 Herzl Avenue, London",
    "phone": "+31 946 3028",
    "website": "",
    "lat": 51.500035,
    "lng": -0.15892,
    "isVerified": false,
    "isFeatured": false,
    "featuredRank": 3,
    "tags": [
      "meat",
      "family"
    ],
    "notes": ""
  },
  {
    "id": "l-004",
    "cityId": "london",
    "name": "London Kosher Market",
    "category": "grocery",
    "address": "124 Central District, London",
    "phone": "+48 699 7499",
    "website": "",
    "lat": 51.54767,
    "lng": -0.112125,
    "isVerified": true,
    "isFeatured": true,
    "featuredRank": 2,
    "tags": [
      "supermarket",
      "shabbat supplies"
    ],
    "notes": "Good challah and ready-to-serve meals on Thursday evenings."
  },
  {
    "id": "l-005",
    "cityId": "london",
    "name": "London Manna Grocery",
    "category": "grocery",
    "address": "125 Riverside, London",
    "phone": "+39 529 3363",
    "website": "",
    "lat": 51.466863,
    "lng": -0.16127,
    "isVerified": false,
    "isFeatured": false,
    "featuredRank": null,
    "tags": [
      "supermarket",
      "shabbat supplies"
    ],
    "notes": ""
  },
  {
    "id": "l-006",
    "cityId": "london",
    "name": "London Shabbat Pantry",
    "category": "grocery",
    "address": "126 Riverside, London",
    "phone": "+33 695 4078",
    "website": "",
    "lat": 51.511062,
    "lng": -0.11929,
    "isVerified": false,
    "isFeatured": false,
    "featuredRank": null,
    "tags": [
      "supermarket",
      "shabbat supplies"
    ],
    "notes": ""
  },
  {
    "id": "l-007",
    "cityId": "london",
    "name": "London Chabad House",
    "category": "chabad",
    "address": "127 Old Town, London",
    "phone": "+48 161 4374",
    "website": "",
    "lat": 51.495916,
    "lng": -0.122071,
    "isVerified": true,
    "isFeatured": true,
    "featuredRank": 3,
    "tags": [
      "synagogue nearby",
      "community"
    ],
    "notes": "Hosts Friday night meals with prior registration."
  },
  {
    "id": "l-008",
    "cityId": "london",
    "name": "London Beit Chabad",
    "category": "chabad",
    "address": "128 Market Street, London",
    "phone": "+44 699 8424",
    "website": "",
    "lat": 51.507077,
    "lng": -0.123994,
    "isVerified": false,
    "isFeatured": false,
    "featuredRank": null,
    "tags": [
      "synagogue nearby",
      "community"
    ],
    "notes": "Daily minyan and traveler support."
  },
  {
    "id": "p-001",
    "cityId": "paris",
    "name": "Paris Levana Kosher Bistro",
    "category": "restaurant",
    "address": "121 Riverside, Paris",
    "phone": "+37 183 5919",
    "website": "",
    "lat": 48.844142,
    "lng": 2.322011,
    "isVerified": true,
    "isFeatured": true,
    "featuredRank": 1,
    "tags": [
      "meat",
      "family"
    ],
    "notes": "Popular with travelers for Friday lunch."
  },
  {
    "id": "p-002",
    "cityId": "paris",
    "name": "Paris Jerusalem Grill",
    "category": "restaurant",
    "address": "122 King David Street, Paris",
    "phone": "+39 723 2199",
    "website": "",
    "lat": 48.858868,
    "lng": 2.397216,
    "isVerified": false,
    "isFeatured": false,
    "featuredRank": 2,
    "tags": [
      "dairy",
      "family"
    ],
    "notes": ""
  },
  {
    "id": "p-003",
    "cityId": "paris",
    "name": "Paris Shalom Kitchen",
    "category": "restaurant",
    "address": "123 Market Street, Paris",
    "phone": "+34 600 7909",
    "website": "",
    "lat": 48.822226,
    "lng": 2.342375,
    "isVerified": false,
    "isFeatured": false,
    "featuredRank": 3,
    "tags": [
      "meat",
      "family"
    ],
    "notes": ""
  },
  {
    "id": "p-004",
    "cityId": "paris",
    "name": "Paris Kosher Market",
    "category": "grocery",
    "address": "124 Market Street, Paris",
    "phone": "+40 811 6737",
    "website": "",
    "lat": 48.815129,
    "lng": 2.372386,
    "isVerified": true,
    "isFeatured": true,
    "featuredRank": 2,
    "tags": [
      "supermarket",
      "shabbat supplies"
    ],
    "notes": "Good challah and ready-to-serve meals on Thursday evenings."
  },
  {
    "id": "p-005",
    "cityId": "paris",
    "name": "Paris Manna Grocery",
    "category": "grocery",
    "address": "125 King David Street, Paris",
    "phone": "+32 960 2533",
    "website": "",
    "lat": 48.865093,
    "lng": 2.361787,
    "isVerified": false,
    "isFeatured": false,
    "featuredRank": null,
    "tags": [
      "supermarket",
      "shabbat supplies"
    ],
    "notes": ""
  },
  {
    "id": "p-006",
    "cityId": "paris",
    "name": "Paris Shabbat Pantry",
    "category": "grocery",
    "address": "126 Old Town, Paris",
    "phone": "+31 848 6072",
    "website": "",
    "lat": 48.896621,
    "lng": 2.349092,
    "isVerified": false,
    "isFeatured": false,
    "featuredRank": null,
    "tags": [
      "supermarket",
      "shabbat supplies"
    ],
    "notes": ""
  },
  {
    "id": "p-007",
    "cityId": "paris",
    "name": "Paris Chabad House",
    "category": "chabad",
    "address": "127 King David Street, Paris",
    "phone": "+39 833 7320",
    "website": "",
    "lat": 48.869842,
    "lng": 2.411372,
    "isVerified": true,
    "isFeatured": true,
    "featuredRank": 3,
    "tags": [
      "synagogue nearby",
      "community"
    ],
    "notes": "Hosts Friday night meals with prior registration."
  },
  {
    "id": "p-008",
    "cityId": "paris",
    "name": "Paris Beit Chabad",
    "category": "chabad",
    "address": "128 King David Street, Paris",
    "phone": "+41 272 2918",
    "website": "",
    "lat": 48.891434,
    "lng": 2.333841,
    "isVerified": false,
    "isFeatured": false,
    "featuredRank": null,
    "tags": [
      "synagogue nearby",
      "community"
    ],
    "notes": "Daily minyan and traveler support."
  },
  {
    "id": "r-001",
    "cityId": "rome",
    "name": "Rome Levana Kosher Bistro",
    "category": "restaurant",
    "address": "121 Jewish Quarter, Rome",
    "phone": "+34 856 5056",
    "website": "",
    "lat": 41.902232,
    "lng": 12.462585,
    "isVerified": true,
    "isFeatured": true,
    "featuredRank": 1,
    "tags": [
      "meat",
      "family"
    ],
    "notes": "Popular with travelers for Friday lunch."
  },
  {
    "id": "r-002",
    "cityId": "rome",
    "name": "Rome Jerusalem Grill",
    "category": "restaurant",
    "address": "122 King David Street, Rome",
    "phone": "+32 270 8359",
    "website": "",
    "lat": 41.893611,
    "lng": 12.546418,
    "isVerified": false,
    "isFeatured": false,
    "featuredRank": 2,
    "tags": [
      "dairy",
      "family"
    ],
    "notes": ""
  },
  {
    "id": "r-003",
    "cityId": "rome",
    "name": "Rome Shalom Kitchen",
    "category": "restaurant",
    "address": "123 Riverside, Rome",
    "phone": "+43 984 5561",
    "website": "",
    "lat": 41.893948,
    "lng": 12.469741,
    "isVerified": false,
    "isFeatured": false,
    "featuredRank": 3,
    "tags": [
      "meat",
      "family"
    ],
    "notes": ""
  },
  {
    "id": "r-004",
    "cityId": "rome",
    "name": "Rome Kosher Market",
    "category": "grocery",
    "address": "124 Herzl Avenue, Rome",
    "phone": "+37 254 2359",
    "website": "",
    "lat": 41.921376,
    "lng": 12.554776,
    "isVerified": true,
    "isFeatured": true,
    "featuredRank": 2,
    "tags": [
      "supermarket",
      "shabbat supplies"
    ],
    "notes": "Good challah and ready-to-serve meals on Thursday evenings."
  },
  {
    "id": "r-005",
    "cityId": "rome",
    "name": "Rome Manna Grocery",
    "category": "grocery",
    "address": "125 City Center, Rome",
    "phone": "+30 596 3987",
    "website": "",
    "lat": 41.87366,
    "lng": 12.464235,
    "isVerified": false,
    "isFeatured": false,
    "featuredRank": null,
    "tags": [
      "supermarket",
      "shabbat supplies"
    ],
    "notes": ""
  },
  {
    "id": "r-006",
    "cityId": "rome",
    "name": "Rome Shabbat Pantry",
    "category": "grocery",
    "address": "126 Herzl Avenue, Rome",
    "phone": "+47 478 6220",
    "website": "",
    "lat": 41.881447,
    "lng": 12.436891,
    "isVerified": false,
    "isFeatured": false,
    "featuredRank": null,
    "tags": [
      "supermarket",
      "shabbat supplies"
    ],
    "notes": ""
  },
  {
    "id": "r-007",
    "cityId": "rome",
    "name": "Rome Chabad House",
    "category": "chabad",
    "address": "127 Central District, Rome",
    "phone": "+44 991 7428",
    "website": "",
    "lat": 41.943579,
    "lng": 12.519259,
    "isVerified": true,
    "isFeatured": true,
    "featuredRank": 3,
    "tags": [
      "synagogue nearby",
      "community"
    ],
    "notes": "Hosts Friday night meals with prior registration."
  },
  {
    "id": "r-008",
    "cityId": "rome",
    "name": "Rome Beit Chabad",
    "category": "chabad",
    "address": "128 King David Street, Rome",
    "phone": "+42 163 4122",
    "website": "",
    "lat": 41.893626,
    "lng": 12.483694,
    "isVerified": false,
    "isFeatured": false,
    "featuredRank": null,
    "tags": [
      "synagogue nearby",
      "community"
    ],
    "notes": "Daily minyan and traveler support."
  },
  {
    "id": "b-001",
    "cityId": "berlin",
    "name": "Berlin Levana Kosher Bistro",
    "category": "restaurant",
    "address": "121 Riverside, Berlin",
    "phone": "+33 448 1861",
    "website": "",
    "lat": 52.481061,
    "lng": 13.370052,
    "isVerified": true,
    "isFeatured": true,
    "featuredRank": 1,
    "tags": [
      "meat",
      "family"
    ],
    "notes": "Popular with travelers for Friday lunch."
  },
  {
    "id": "b-002",
    "cityId": "berlin",
    "name": "Berlin Jerusalem Grill",
    "category": "restaurant",
    "address": "122 Old Town, Berlin",
    "phone": "+41 728 1417",
    "website": "",
    "lat": 52.484214,
    "lng": 13.413014,
    "isVerified": false,
    "isFeatured": false,
    "featuredRank": 2,
    "tags": [
      "dairy",
      "family"
    ],
    "notes": ""
  },
  {
    "id": "b-003",
    "cityId": "berlin",
    "name": "Berlin Shalom Kitchen",
    "category": "restaurant",
    "address": "123 Herzl Avenue, Berlin",
    "phone": "+34 749 5132",
    "website": "",
    "lat": 52.481328,
    "lng": 13.369954,
    "isVerified": false,
    "isFeatured": false,
    "featuredRank": 3,
    "tags": [
      "meat",
      "family"
    ],
    "notes": ""
  },
  {
    "id": "b-004",
    "cityId": "berlin",
    "name": "Berlin Kosher Market",
    "category": "grocery",
    "address": "124 King David Street, Berlin",
    "phone": "+33 218 8996",
    "website": "",
    "lat": 52.560992,
    "lng": 13.417274,
    "isVerified": true,
    "isFeatured": true,
    "featuredRank": 2,
    "tags": [
      "supermarket",
      "shabbat supplies"
    ],
    "notes": "Good challah and ready-to-serve meals on Thursday evenings."
  },
  {
    "id": "b-005",
    "cityId": "berlin",
    "name": "Berlin Manna Grocery",
    "category": "grocery",
    "address": "125 King David Street, Berlin",
    "phone": "+39 187 3361",
    "website": "",
    "lat": 52.564379,
    "lng": 13.400919,
    "isVerified": false,
    "isFeatured": false,
    "featuredRank": null,
    "tags": [
      "supermarket",
      "shabbat supplies"
    ],
    "notes": ""
  },
  {
    "id": "b-006",
    "cityId": "berlin",
    "name": "Berlin Shabbat Pantry",
    "category": "grocery",
    "address": "126 Jewish Quarter, Berlin",
    "phone": "+45 948 3645",
    "website": "",
    "lat": 52.484197,
    "lng": 13.386116,
    "isVerified": false,
    "isFeatured": false,
    "featuredRank": null,
    "tags": [
      "supermarket",
      "shabbat supplies"
    ],
    "notes": ""
  },
  {
    "id": "b-007",
    "cityId": "berlin",
    "name": "Berlin Chabad House",
    "category": "chabad",
    "address": "127 Market Street, Berlin",
    "phone": "+34 806 9899",
    "website": "",
    "lat": 52.52147,
    "lng": 13.369626,
    "isVerified": true,
    "isFeatured": true,
    "featuredRank": 3,
    "tags": [
      "synagogue nearby",
      "community"
    ],
    "notes": "Hosts Friday night meals with prior registration."
  },
  {
    "id": "b-008",
    "cityId": "berlin",
    "name": "Berlin Beit Chabad",
    "category": "chabad",
    "address": "128 Jewish Quarter, Berlin",
    "phone": "+32 812 5278",
    "website": "",
    "lat": 52.557273,
    "lng": 13.435977,
    "isVerified": false,
    "isFeatured": false,
    "featuredRank": null,
    "tags": [
      "synagogue nearby",
      "community"
    ],
    "notes": "Daily minyan and traveler support."
  },
  {
    "id": "a-001",
    "cityId": "athens",
    "name": "Athens Levana Kosher Bistro",
    "category": "restaurant",
    "address": "121 Market Street, Athens",
    "phone": "+37 645 9873",
    "website": "",
    "lat": 37.985456,
    "lng": 23.776491,
    "isVerified": true,
    "isFeatured": true,
    "featuredRank": 1,
    "tags": [
      "meat",
      "family"
    ],
    "notes": "Popular with travelers for Friday lunch."
  },
  {
    "id": "a-002",
    "cityId": "athens",
    "name": "Athens Jerusalem Grill",
    "category": "restaurant",
    "address": "122 City Center, Athens",
    "phone": "+49 930 4197",
    "website": "",
    "lat": 38.008915,
    "lng": 23.70706,
    "isVerified": false,
    "isFeatured": false,
    "featuredRank": 2,
    "tags": [
      "dairy",
      "family"
    ],
    "notes": ""
  },
  {
    "id": "a-003",
    "cityId": "athens",
    "name": "Athens Shalom Kitchen",
    "category": "restaurant",
    "address": "123 City Center, Athens",
    "phone": "+36 630 9073",
    "website": "",
    "lat": 38.011347,
    "lng": 23.7657,
    "isVerified": false,
    "isFeatured": false,
    "featuredRank": 3,
    "tags": [
      "meat",
      "family"
    ],
    "notes": ""
  },
  {
    "id": "a-004",
    "cityId": "athens",
    "name": "Athens Kosher Market",
    "category": "grocery",
    "address": "124 Central District, Athens",
    "phone": "+38 583 5246",
    "website": "",
    "lat": 37.970801,
    "lng": 23.670978,
    "isVerified": true,
    "isFeatured": true,
    "featuredRank": 2,
    "tags": [
      "supermarket",
      "shabbat supplies"
    ],
    "notes": "Good challah and ready-to-serve meals on Thursday evenings."
  },
  {
    "id": "a-005",
    "cityId": "athens",
    "name": "Athens Manna Grocery",
    "category": "grocery",
    "address": "125 Market Street, Athens",
    "phone": "+44 927 6726",
    "website": "",
    "lat": 37.956228,
    "lng": 23.740117,
    "isVerified": false,
    "isFeatured": false,
    "featuredRank": null,
    "tags": [
      "supermarket",
      "shabbat supplies"
    ],
    "notes": ""
  },
  {
    "id": "a-006",
    "cityId": "athens",
    "name": "Athens Shabbat Pantry",
    "category": "grocery",
    "address": "126 City Center, Athens",
    "phone": "+33 332 8701",
    "website": "",
    "lat": 38.02475,
    "lng": 23.711256,
    "isVerified": false,
    "isFeatured": false,
    "featuredRank": null,
    "tags": [
      "supermarket",
      "shabbat supplies"
    ],
    "notes": ""
  },
  {
    "id": "a-007",
    "cityId": "athens",
    "name": "Athens Chabad House",
    "category": "chabad",
    "address": "127 Central District, Athens",
    "phone": "+45 768 6636",
    "website": "",
    "lat": 37.956504,
    "lng": 23.692025,
    "isVerified": true,
    "isFeatured": true,
    "featuredRank": 3,
    "tags": [
      "synagogue nearby",
      "community"
    ],
    "notes": "Hosts Friday night meals with prior registration."
  },
  {
    "id": "a-008",
    "cityId": "athens",
    "name": "Athens Beit Chabad",
    "category": "chabad",
    "address": "128 Old Town, Athens",
    "phone": "+42 901 4265",
    "website": "",
    "lat": 38.010768,
    "lng": 23.677673,
    "isVerified": false,
    "isFeatured": false,
    "featuredRank": null,
    "tags": [
      "synagogue nearby",
      "community"
    ],
    "notes": "Daily minyan and traveler support."
  },
  {
    "id": "b-001",
    "cityId": "barcelona",
    "name": "Barcelona Levana Kosher Bistro",
    "category": "restaurant",
    "address": "121 Market Street, Barcelona",
    "phone": "+32 920 7485",
    "website": "",
    "lat": 41.383123,
    "lng": 2.134823,
    "isVerified": true,
    "isFeatured": true,
    "featuredRank": 1,
    "tags": [
      "meat",
      "family"
    ],
    "notes": "Popular with travelers for Friday lunch."
  },
  {
    "id": "b-002",
    "cityId": "barcelona",
    "name": "Barcelona Jerusalem Grill",
    "category": "restaurant",
    "address": "122 Old Town, Barcelona",
    "phone": "+35 274 3081",
    "website": "",
    "lat": 41.381784,
    "lng": 2.202602,
    "isVerified": false,
    "isFeatured": false,
    "featuredRank": 2,
    "tags": [
      "dairy",
      "family"
    ],
    "notes": ""
  },
  {
    "id": "b-003",
    "cityId": "barcelona",
    "name": "Barcelona Shalom Kitchen",
    "category": "restaurant",
    "address": "123 King David Street, Barcelona",
    "phone": "+34 726 8771",
    "website": "",
    "lat": 41.342579,
    "lng": 2.184297,
    "isVerified": false,
    "isFeatured": false,
    "featuredRank": 3,
    "tags": [
      "meat",
      "family"
    ],
    "notes": ""
  },
  {
    "id": "b-004",
    "cityId": "barcelona",
    "name": "Barcelona Kosher Market",
    "category": "grocery",
    "address": "124 Riverside, Barcelona",
    "phone": "+30 114 2683",
    "website": "",
    "lat": 41.399254,
    "lng": 2.155449,
    "isVerified": true,
    "isFeatured": true,
    "featuredRank": 2,
    "tags": [
      "supermarket",
      "shabbat supplies"
    ],
    "notes": "Good challah and ready-to-serve meals on Thursday evenings."
  },
  {
    "id": "b-005",
    "cityId": "barcelona",
    "name": "Barcelona Manna Grocery",
    "category": "grocery",
    "address": "125 Herzl Avenue, Barcelona",
    "phone": "+36 945 4457",
    "website": "",
    "lat": 41.387492,
    "lng": 2.225435,
    "isVerified": false,
    "isFeatured": false,
    "featuredRank": null,
    "tags": [
      "supermarket",
      "shabbat supplies"
    ],
    "notes": ""
  },
  {
    "id": "b-006",
    "cityId": "barcelona",
    "name": "Barcelona Shabbat Pantry",
    "category": "grocery",
    "address": "126 City Center, Barcelona",
    "phone": "+48 433 5249",
    "website": "",
    "lat": 41.342619,
    "lng": 2.138934,
    "isVerified": false,
    "isFeatured": false,
    "featuredRank": null,
    "tags": [
      "supermarket",
      "shabbat supplies"
    ],
    "notes": ""
  },
  {
    "id": "b-007",
    "cityId": "barcelona",
    "name": "Barcelona Chabad House",
    "category": "chabad",
    "address": "127 Central District, Barcelona",
    "phone": "+41 569 9466",
    "website": "",
    "lat": 41.389092,
    "lng": 2.213503,
    "isVerified": true,
    "isFeatured": true,
    "featuredRank": 3,
    "tags": [
      "synagogue nearby",
      "community"
    ],
    "notes": "Hosts Friday night meals with prior registration."
  },
  {
    "id": "b-008",
    "cityId": "barcelona",
    "name": "Barcelona Beit Chabad",
    "category": "chabad",
    "address": "128 Riverside, Barcelona",
    "phone": "+47 255 9577",
    "website": "",
    "lat": 41.377957,
    "lng": 2.223527,
    "isVerified": false,
    "isFeatured": false,
    "featuredRank": null,
    "tags": [
      "synagogue nearby",
      "community"
    ],
    "notes": "Daily minyan and traveler support."
  },
  {
    "id": "m-001",
    "cityId": "madrid",
    "name": "Madrid Levana Kosher Bistro",
    "category": "restaurant",
    "address": "121 Riverside, Madrid",
    "phone": "+49 104 3454",
    "website": "",
    "lat": 40.417749,
    "lng": -3.659063,
    "isVerified": true,
    "isFeatured": true,
    "featuredRank": 1,
    "tags": [
      "meat",
      "family"
    ],
    "notes": "Popular with travelers for Friday lunch."
  },
  {
    "id": "m-002",
    "cityId": "madrid",
    "name": "Madrid Jerusalem Grill",
    "category": "restaurant",
    "address": "122 Old Town, Madrid",
    "phone": "+47 163 6340",
    "website": "",
    "lat": 40.387311,
    "lng": -3.706981,
    "isVerified": false,
    "isFeatured": false,
    "featuredRank": 2,
    "tags": [
      "dairy",
      "family"
    ],
    "notes": ""
  },
  {
    "id": "m-003",
    "cityId": "madrid",
    "name": "Madrid Shalom Kitchen",
    "category": "restaurant",
    "address": "123 King David Street, Madrid",
    "phone": "+33 673 1930",
    "website": "",
    "lat": 40.43321,
    "lng": -3.700113,
    "isVerified": false,
    "isFeatured": false,
    "featuredRank": 3,
    "tags": [
      "meat",
      "family"
    ],
    "notes": ""
  },
  {
    "id": "m-004",
    "cityId": "madrid",
    "name": "Madrid Kosher Market",
    "category": "grocery",
    "address": "124 Old Town, Madrid",
    "phone": "+46 563 1456",
    "website": "",
    "lat": 40.394164,
    "lng": -3.73057,
    "isVerified": true,
    "isFeatured": true,
    "featuredRank": 2,
    "tags": [
      "supermarket",
      "shabbat supplies"
    ],
    "notes": "Good challah and ready-to-serve meals on Thursday evenings."
  },
  {
    "id": "m-005",
    "cityId": "madrid",
    "name": "Madrid Manna Grocery",
    "category": "grocery",
    "address": "125 King David Street, Madrid",
    "phone": "+40 727 9282",
    "website": "",
    "lat": 40.440199,
    "lng": -3.654301,
    "isVerified": false,
    "isFeatured": false,
    "featuredRank": null,
    "tags": [
      "supermarket",
      "shabbat supplies"
    ],
    "notes": ""
  },
  {
    "id": "m-006",
    "cityId": "madrid",
    "name": "Madrid Shabbat Pantry",
    "category": "grocery",
    "address": "126 Jewish Quarter, Madrid",
    "phone": "+44 620 9737",
    "website": "",
    "lat": 40.426352,
    "lng": -3.739872,
    "isVerified": false,
    "isFeatured": false,
    "featuredRank": null,
    "tags": [
      "supermarket",
      "shabbat supplies"
    ],
    "notes": ""
  },
  {
    "id": "m-007",
    "cityId": "madrid",
    "name": "Madrid Chabad House",
    "category": "chabad",
    "address": "127 City Center, Madrid",
    "phone": "+46 997 5253",
    "website": "",
    "lat": 40.444463,
    "lng": -3.70287,
    "isVerified": true,
    "isFeatured": true,
    "featuredRank": 3,
    "tags": [
      "synagogue nearby",
      "community"
    ],
    "notes": "Hosts Friday night meals with prior registration."
  },
  {
    "id": "m-008",
    "cityId": "madrid",
    "name": "Madrid Beit Chabad",
    "category": "chabad",
    "address": "128 City Center, Madrid",
    "phone": "+44 240 7826",
    "website": "",
    "lat": 40.454851,
    "lng": -3.656669,
    "isVerified": false,
    "isFeatured": false,
    "featuredRank": null,
    "tags": [
      "synagogue nearby",
      "community"
    ],
    "notes": "Daily minyan and traveler support."
  },
  {
    "id": "a-001",
    "cityId": "amsterdam",
    "name": "Amsterdam Levana Kosher Bistro",
    "category": "restaurant",
    "address": "121 Old Town, Amsterdam",
    "phone": "+37 538 2198",
    "website": "",
    "lat": 52.333546,
    "lng": 4.897154,
    "isVerified": true,
    "isFeatured": true,
    "featuredRank": 1,
    "tags": [
      "meat",
      "family"
    ],
    "notes": "Popular with travelers for Friday lunch."
  },
  {
    "id": "a-002",
    "cityId": "amsterdam",
    "name": "Amsterdam Jerusalem Grill",
    "category": "restaurant",
    "address": "122 Old Town, Amsterdam",
    "phone": "+34 833 6999",
    "website": "",
    "lat": 52.341742,
    "lng": 4.880434,
    "isVerified": false,
    "isFeatured": false,
    "featuredRank": 2,
    "tags": [
      "dairy",
      "family"
    ],
    "notes": ""
  },
  {
    "id": "a-003",
    "cityId": "amsterdam",
    "name": "Amsterdam Shalom Kitchen",
    "category": "restaurant",
    "address": "123 King David Street, Amsterdam",
    "phone": "+37 864 2542",
    "website": "",
    "lat": 52.335468,
    "lng": 4.95004,
    "isVerified": false,
    "isFeatured": false,
    "featuredRank": 3,
    "tags": [
      "meat",
      "family"
    ],
    "notes": ""
  },
  {
    "id": "a-004",
    "cityId": "amsterdam",
    "name": "Amsterdam Kosher Market",
    "category": "grocery",
    "address": "124 City Center, Amsterdam",
    "phone": "+35 823 8070",
    "website": "",
    "lat": 52.358443,
    "lng": 4.902571,
    "isVerified": true,
    "isFeatured": true,
    "featuredRank": 2,
    "tags": [
      "supermarket",
      "shabbat supplies"
    ],
    "notes": "Good challah and ready-to-serve meals on Thursday evenings."
  },
  {
    "id": "a-005",
    "cityId": "amsterdam",
    "name": "Amsterdam Manna Grocery",
    "category": "grocery",
    "address": "125 Herzl Avenue, Amsterdam",
    "phone": "+36 465 6218",
    "website": "",
    "lat": 52.412067,
    "lng": 4.892557,
    "isVerified": false,
    "isFeatured": false,
    "featuredRank": null,
    "tags": [
      "supermarket",
      "shabbat supplies"
    ],
    "notes": ""
  },
  {
    "id": "a-006",
    "cityId": "amsterdam",
    "name": "Amsterdam Shabbat Pantry",
    "category": "grocery",
    "address": "126 Market Street, Amsterdam",
    "phone": "+47 569 8216",
    "website": "",
    "lat": 52.330897,
    "lng": 4.888014,
    "isVerified": false,
    "isFeatured": false,
    "featuredRank": null,
    "tags": [
      "supermarket",
      "shabbat supplies"
    ],
    "notes": ""
  },
  {
    "id": "a-007",
    "cityId": "amsterdam",
    "name": "Amsterdam Chabad House",
    "category": "chabad",
    "address": "127 Jewish Quarter, Amsterdam",
    "phone": "+46 165 2848",
    "website": "",
    "lat": 52.385884,
    "lng": 4.890221,
    "isVerified": true,
    "isFeatured": true,
    "featuredRank": 3,
    "tags": [
      "synagogue nearby",
      "community"
    ],
    "notes": "Hosts Friday night meals with prior registration."
  },
  {
    "id": "a-008",
    "cityId": "amsterdam",
    "name": "Amsterdam Beit Chabad",
    "category": "chabad",
    "address": "128 Old Town, Amsterdam",
    "phone": "+32 371 5455",
    "website": "",
    "lat": 52.411257,
    "lng": 4.938704,
    "isVerified": false,
    "isFeatured": false,
    "featuredRank": null,
    "tags": [
      "synagogue nearby",
      "community"
    ],
    "notes": "Daily minyan and traveler support."
  },
  {
    "id": "v-001",
    "cityId": "vienna",
    "name": "Vienna Levana Kosher Bistro",
    "category": "restaurant",
    "address": "121 Jewish Quarter, Vienna",
    "phone": "+34 939 7918",
    "website": "",
    "lat": 48.166763,
    "lng": 16.40728,
    "isVerified": true,
    "isFeatured": true,
    "featuredRank": 1,
    "tags": [
      "meat",
      "family"
    ],
    "notes": "Popular with travelers for Friday lunch."
  },
  {
    "id": "v-002",
    "cityId": "vienna",
    "name": "Vienna Jerusalem Grill",
    "category": "restaurant",
    "address": "122 Jewish Quarter, Vienna",
    "phone": "+42 252 9791",
    "website": "",
    "lat": 48.239663,
    "lng": 16.394917,
    "isVerified": false,
    "isFeatured": false,
    "featuredRank": 2,
    "tags": [
      "dairy",
      "family"
    ],
    "notes": ""
  },
  {
    "id": "v-003",
    "cityId": "vienna",
    "name": "Vienna Shalom Kitchen",
    "category": "restaurant",
    "address": "123 Market Street, Vienna",
    "phone": "+32 385 1942",
    "website": "",
    "lat": 48.245925,
    "lng": 16.382271,
    "isVerified": false,
    "isFeatured": false,
    "featuredRank": 3,
    "tags": [
      "meat",
      "family"
    ],
    "notes": ""
  },
  {
    "id": "v-004",
    "cityId": "vienna",
    "name": "Vienna Kosher Market",
    "category": "grocery",
    "address": "124 Old Town, Vienna",
    "phone": "+38 117 2451",
    "website": "",
    "lat": 48.235163,
    "lng": 16.335801,
    "isVerified": true,
    "isFeatured": true,
    "featuredRank": 2,
    "tags": [
      "supermarket",
      "shabbat supplies"
    ],
    "notes": "Good challah and ready-to-serve meals on Thursday evenings."
  },
  {
    "id": "v-005",
    "cityId": "vienna",
    "name": "Vienna Manna Grocery",
    "category": "grocery",
    "address": "125 City Center, Vienna",
    "phone": "+32 370 2993",
    "website": "",
    "lat": 48.235347,
    "lng": 16.323849,
    "isVerified": false,
    "isFeatured": false,
    "featuredRank": null,
    "tags": [
      "supermarket",
      "shabbat supplies"
    ],
    "notes": ""
  },
  {
    "id": "v-006",
    "cityId": "vienna",
    "name": "Vienna Shabbat Pantry",
    "category": "grocery",
    "address": "126 Herzl Avenue, Vienna",
    "phone": "+38 736 3117",
    "website": "",
    "lat": 48.20404,
    "lng": 16.354498,
    "isVerified": false,
    "isFeatured": false,
    "featuredRank": null,
    "tags": [
      "supermarket",
      "shabbat supplies"
    ],
    "notes": ""
  },
  {
    "id": "v-007",
    "cityId": "vienna",
    "name": "Vienna Chabad House",
    "category": "chabad",
    "address": "127 Old Town, Vienna",
    "phone": "+35 368 1825",
    "website": "",
    "lat": 48.167089,
    "lng": 16.398944,
    "isVerified": true,
    "isFeatured": true,
    "featuredRank": 3,
    "tags": [
      "synagogue nearby",
      "community"
    ],
    "notes": "Hosts Friday night meals with prior registration."
  },
  {
    "id": "v-008",
    "cityId": "vienna",
    "name": "Vienna Beit Chabad",
    "category": "chabad",
    "address": "128 Jewish Quarter, Vienna",
    "phone": "+46 877 4372",
    "website": "",
    "lat": 48.179503,
    "lng": 16.42567,
    "isVerified": false,
    "isFeatured": false,
    "featuredRank": null,
    "tags": [
      "synagogue nearby",
      "community"
    ],
    "notes": "Daily minyan and traveler support."
  },
  {
    "id": "p-001",
    "cityId": "prague",
    "name": "Prague Levana Kosher Bistro",
    "category": "restaurant",
    "address": "121 Riverside, Prague",
    "phone": "+38 455 1297",
    "website": "",
    "lat": 50.056596,
    "lng": 14.437811,
    "isVerified": true,
    "isFeatured": true,
    "featuredRank": 1,
    "tags": [
      "meat",
      "family"
    ],
    "notes": "Popular with travelers for Friday lunch."
  },
  {
    "id": "p-002",
    "cityId": "prague",
    "name": "Prague Jerusalem Grill",
    "category": "restaurant",
    "address": "122 Central District, Prague",
    "phone": "+46 664 4104",
    "website": "",
    "lat": 50.120005,
    "lng": 14.382234,
    "isVerified": false,
    "isFeatured": false,
    "featuredRank": 2,
    "tags": [
      "dairy",
      "family"
    ],
    "notes": ""
  },
  {
    "id": "p-003",
    "cityId": "prague",
    "name": "Prague Shalom Kitchen",
    "category": "restaurant",
    "address": "123 King David Street, Prague",
    "phone": "+33 774 8080",
    "website": "",
    "lat": 50.076781,
    "lng": 14.407282,
    "isVerified": false,
    "isFeatured": false,
    "featuredRank": 3,
    "tags": [
      "meat",
      "family"
    ],
    "notes": ""
  },
  {
    "id": "p-004",
    "cityId": "prague",
    "name": "Prague Kosher Market",
    "category": "grocery",
    "address": "124 Herzl Avenue, Prague",
    "phone": "+46 415 4525",
    "website": "",
    "lat": 50.089586,
    "lng": 14.443309,
    "isVerified": true,
    "isFeatured": true,
    "featuredRank": 2,
    "tags": [
      "supermarket",
      "shabbat supplies"
    ],
    "notes": "Good challah and ready-to-serve meals on Thursday evenings."
  },
  {
    "id": "p-005",
    "cityId": "prague",
    "name": "Prague Manna Grocery",
    "category": "grocery",
    "address": "125 Riverside, Prague",
    "phone": "+42 455 1891",
    "website": "",
    "lat": 50.11892,
    "lng": 14.418925,
    "isVerified": false,
    "isFeatured": false,
    "featuredRank": null,
    "tags": [
      "supermarket",
      "shabbat supplies"
    ],
    "notes": ""
  },
  {
    "id": "p-006",
    "cityId": "prague",
    "name": "Prague Shabbat Pantry",
    "category": "grocery",
    "address": "126 Jewish Quarter, Prague",
    "phone": "+43 267 1907",
    "website": "",
    "lat": 50.105829,
    "lng": 14.379511,
    "isVerified": false,
    "isFeatured": false,
    "featuredRank": null,
    "tags": [
      "supermarket",
      "shabbat supplies"
    ],
    "notes": ""
  },
  {
    "id": "p-007",
    "cityId": "prague",
    "name": "Prague Chabad House",
    "category": "chabad",
    "address": "127 Jewish Quarter, Prague",
    "phone": "+49 348 5801",
    "website": "",
    "lat": 50.038104,
    "lng": 14.478752,
    "isVerified": true,
    "isFeatured": true,
    "featuredRank": 3,
    "tags": [
      "synagogue nearby",
      "community"
    ],
    "notes": "Hosts Friday night meals with prior registration."
  },
  {
    "id": "p-008",
    "cityId": "prague",
    "name": "Prague Beit Chabad",
    "category": "chabad",
    "address": "128 Jewish Quarter, Prague",
    "phone": "+44 103 5312",
    "website": "",
    "lat": 50.034571,
    "lng": 14.400042,
    "isVerified": false,
    "isFeatured": false,
    "featuredRank": null,
    "tags": [
      "synagogue nearby",
      "community"
    ],
    "notes": "Daily minyan and traveler support."
  },
  {
    "id": "b-001",
    "cityId": "budapest",
    "name": "Budapest Levana Kosher Bistro",
    "category": "restaurant",
    "address": "121 Market Street, Budapest",
    "phone": "+37 135 6071",
    "website": "",
    "lat": 47.485673,
    "lng": 19.019671,
    "isVerified": true,
    "isFeatured": true,
    "featuredRank": 1,
    "tags": [
      "meat",
      "family"
    ],
    "notes": "Popular with travelers for Friday lunch."
  },
  {
    "id": "b-002",
    "cityId": "budapest",
    "name": "Budapest Jerusalem Grill",
    "category": "restaurant",
    "address": "122 Market Street, Budapest",
    "phone": "+42 185 8776",
    "website": "",
    "lat": 47.472508,
    "lng": 19.002155,
    "isVerified": false,
    "isFeatured": false,
    "featuredRank": 2,
    "tags": [
      "dairy",
      "family"
    ],
    "notes": ""
  },
  {
    "id": "b-003",
    "cityId": "budapest",
    "name": "Budapest Shalom Kitchen",
    "category": "restaurant",
    "address": "123 City Center, Budapest",
    "phone": "+46 894 1081",
    "website": "",
    "lat": 47.478004,
    "lng": 19.058922,
    "isVerified": false,
    "isFeatured": false,
    "featuredRank": 3,
    "tags": [
      "meat",
      "family"
    ],
    "notes": ""
  },
  {
    "id": "b-004",
    "cityId": "budapest",
    "name": "Budapest Kosher Market",
    "category": "grocery",
    "address": "124 Riverside, Budapest",
    "phone": "+42 700 1682",
    "website": "",
    "lat": 47.461077,
    "lng": 19.078245,
    "isVerified": true,
    "isFeatured": true,
    "featuredRank": 2,
    "tags": [
      "supermarket",
      "shabbat supplies"
    ],
    "notes": "Good challah and ready-to-serve meals on Thursday evenings."
  },
  {
    "id": "b-005",
    "cityId": "budapest",
    "name": "Budapest Manna Grocery",
    "category": "grocery",
    "address": "125 City Center, Budapest",
    "phone": "+32 699 9670",
    "website": "",
    "lat": 47.488358,
    "lng": 19.016158,
    "isVerified": false,
    "isFeatured": false,
    "featuredRank": null,
    "tags": [
      "supermarket",
      "shabbat supplies"
    ],
    "notes": ""
  },
  {
    "id": "b-006",
    "cityId": "budapest",
    "name": "Budapest Shabbat Pantry",
    "category": "grocery",
    "address": "126 Herzl Avenue, Budapest",
    "phone": "+40 837 9096",
    "website": "",
    "lat": 47.529692,
    "lng": 18.99883,
    "isVerified": false,
    "isFeatured": false,
    "featuredRank": null,
    "tags": [
      "supermarket",
      "shabbat supplies"
    ],
    "notes": ""
  },
  {
    "id": "b-007",
    "cityId": "budapest",
    "name": "Budapest Chabad House",
    "category": "chabad",
    "address": "127 Riverside, Budapest",
    "phone": "+31 944 9404",
    "website": "",
    "lat": 47.466352,
    "lng": 19.067099,
    "isVerified": true,
    "isFeatured": true,
    "featuredRank": 3,
    "tags": [
      "synagogue nearby",
      "community"
    ],
    "notes": "Hosts Friday night meals with prior registration."
  },
  {
    "id": "b-008",
    "cityId": "budapest",
    "name": "Budapest Beit Chabad",
    "category": "chabad",
    "address": "128 Riverside, Budapest",
    "phone": "+46 870 9263",
    "website": "",
    "lat": 47.50936,
    "lng": 19.068262,
    "isVerified": false,
    "isFeatured": false,
    "featuredRank": null,
    "tags": [
      "synagogue nearby",
      "community"
    ],
    "notes": "Daily minyan and traveler support."
  },
  {
    "id": "l-001",
    "cityId": "lisbon",
    "name": "Lisbon Levana Kosher Bistro",
    "category": "restaurant",
    "address": "121 Central District, Lisbon",
    "phone": "+48 917 4767",
    "website": "",
    "lat": 38.728463,
    "lng": -9.101751,
    "isVerified": true,
    "isFeatured": true,
    "featuredRank": 1,
    "tags": [
      "meat",
      "family"
    ],
    "notes": "Popular with travelers for Friday lunch."
  },
  {
    "id": "l-002",
    "cityId": "lisbon",
    "name": "Lisbon Jerusalem Grill",
    "category": "restaurant",
    "address": "122 Market Street, Lisbon",
    "phone": "+33 485 8395",
    "website": "",
    "lat": 38.684958,
    "lng": -9.194277,
    "isVerified": false,
    "isFeatured": false,
    "featuredRank": 2,
    "tags": [
      "dairy",
      "family"
    ],
    "notes": ""
  },
  {
    "id": "l-003",
    "cityId": "lisbon",
    "name": "Lisbon Shalom Kitchen",
    "category": "restaurant",
    "address": "123 City Center, Lisbon",
    "phone": "+45 370 1054",
    "website": "",
    "lat": 38.727567,
    "lng": -9.123968,
    "isVerified": false,
    "isFeatured": false,
    "featuredRank": 3,
    "tags": [
      "meat",
      "family"
    ],
    "notes": ""
  },
  {
    "id": "l-004",
    "cityId": "lisbon",
    "name": "Lisbon Kosher Market",
    "category": "grocery",
    "address": "124 Old Town, Lisbon",
    "phone": "+46 167 8763",
    "website": "",
    "lat": 38.718425,
    "lng": -9.190887,
    "isVerified": true,
    "isFeatured": true,
    "featuredRank": 2,
    "tags": [
      "supermarket",
      "shabbat supplies"
    ],
    "notes": "Good challah and ready-to-serve meals on Thursday evenings."
  },
  {
    "id": "l-005",
    "cityId": "lisbon",
    "name": "Lisbon Manna Grocery",
    "category": "grocery",
    "address": "125 Jewish Quarter, Lisbon",
    "phone": "+37 846 4362",
    "website": "",
    "lat": 38.699997,
    "lng": -9.190366,
    "isVerified": false,
    "isFeatured": false,
    "featuredRank": null,
    "tags": [
      "supermarket",
      "shabbat supplies"
    ],
    "notes": ""
  },
  {
    "id": "l-006",
    "cityId": "lisbon",
    "name": "Lisbon Shabbat Pantry",
    "category": "grocery",
    "address": "126 King David Street, Lisbon",
    "phone": "+45 965 7267",
    "website": "",
    "lat": 38.698066,
    "lng": -9.121308,
    "isVerified": false,
    "isFeatured": false,
    "featuredRank": null,
    "tags": [
      "supermarket",
      "shabbat supplies"
    ],
    "notes": ""
  },
  {
    "id": "l-007",
    "cityId": "lisbon",
    "name": "Lisbon Chabad House",
    "category": "chabad",
    "address": "127 Jewish Quarter, Lisbon",
    "phone": "+31 731 4248",
    "website": "",
    "lat": 38.684207,
    "lng": -9.090044,
    "isVerified": true,
    "isFeatured": true,
    "featuredRank": 3,
    "tags": [
      "synagogue nearby",
      "community"
    ],
    "notes": "Hosts Friday night meals with prior registration."
  },
  {
    "id": "l-008",
    "cityId": "lisbon",
    "name": "Lisbon Beit Chabad",
    "category": "chabad",
    "address": "128 Jewish Quarter, Lisbon",
    "phone": "+39 736 3186",
    "website": "",
    "lat": 38.684272,
    "lng": -9.181609,
    "isVerified": false,
    "isFeatured": false,
    "featuredRank": null,
    "tags": [
      "synagogue nearby",
      "community"
    ],
    "notes": "Daily minyan and traveler support."
  },
  {
    "id": "m-001",
    "cityId": "milan",
    "name": "Milan Levana Kosher Bistro",
    "category": "restaurant",
    "address": "121 Jewish Quarter, Milan",
    "phone": "+33 808 4566",
    "website": "",
    "lat": 45.420322,
    "lng": 9.137279,
    "isVerified": true,
    "isFeatured": true,
    "featuredRank": 1,
    "tags": [
      "meat",
      "family"
    ],
    "notes": "Popular with travelers for Friday lunch."
  },
  {
    "id": "m-002",
    "cityId": "milan",
    "name": "Milan Jerusalem Grill",
    "category": "restaurant",
    "address": "122 Jewish Quarter, Milan",
    "phone": "+44 577 8640",
    "website": "",
    "lat": 45.480014,
    "lng": 9.164903,
    "isVerified": false,
    "isFeatured": false,
    "featuredRank": 2,
    "tags": [
      "dairy",
      "family"
    ],
    "notes": ""
  },
  {
    "id": "m-003",
    "cityId": "milan",
    "name": "Milan Shalom Kitchen",
    "category": "restaurant",
    "address": "123 City Center, Milan",
    "phone": "+39 187 8748",
    "website": "",
    "lat": 45.488245,
    "lng": 9.249196,
    "isVerified": false,
    "isFeatured": false,
    "featuredRank": 3,
    "tags": [
      "meat",
      "family"
    ],
    "notes": ""
  },
  {
    "id": "m-004",
    "cityId": "milan",
    "name": "Milan Kosher Market",
    "category": "grocery",
    "address": "124 King David Street, Milan",
    "phone": "+38 496 4437",
    "website": "",
    "lat": 45.420775,
    "lng": 9.185076,
    "isVerified": true,
    "isFeatured": true,
    "featuredRank": 2,
    "tags": [
      "supermarket",
      "shabbat supplies"
    ],
    "notes": "Good challah and ready-to-serve meals on Thursday evenings."
  },
  {
    "id": "m-005",
    "cityId": "milan",
    "name": "Milan Manna Grocery",
    "category": "grocery",
    "address": "125 Old Town, Milan",
    "phone": "+48 192 3322",
    "website": "",
    "lat": 45.50169,
    "lng": 9.241664,
    "isVerified": false,
    "isFeatured": false,
    "featuredRank": null,
    "tags": [
      "supermarket",
      "shabbat supplies"
    ],
    "notes": ""
  },
  {
    "id": "m-006",
    "cityId": "milan",
    "name": "Milan Shabbat Pantry",
    "category": "grocery",
    "address": "126 Market Street, Milan",
    "phone": "+34 717 9335",
    "website": "",
    "lat": 45.486474,
    "lng": 9.161417,
    "isVerified": false,
    "isFeatured": false,
    "featuredRank": null,
    "tags": [
      "supermarket",
      "shabbat supplies"
    ],
    "notes": ""
  },
  {
    "id": "m-007",
    "cityId": "milan",
    "name": "Milan Chabad House",
    "category": "chabad",
    "address": "127 Market Street, Milan",
    "phone": "+37 609 8964",
    "website": "",
    "lat": 45.444361,
    "lng": 9.143521,
    "isVerified": true,
    "isFeatured": true,
    "featuredRank": 3,
    "tags": [
      "synagogue nearby",
      "community"
    ],
    "notes": "Hosts Friday night meals with prior registration."
  },
  {
    "id": "m-008",
    "cityId": "milan",
    "name": "Milan Beit Chabad",
    "category": "chabad",
    "address": "128 King David Street, Milan",
    "phone": "+44 515 5947",
    "website": "",
    "lat": 45.454667,
    "lng": 9.149088,
    "isVerified": false,
    "isFeatured": false,
    "featuredRank": null,
    "tags": [
      "synagogue nearby",
      "community"
    ],
    "notes": "Daily minyan and traveler support."
  },
  {
    "id": "v-001",
    "cityId": "venice",
    "name": "Venice Levana Kosher Bistro",
    "category": "restaurant",
    "address": "121 Herzl Avenue, Venice",
    "phone": "+40 223 6428",
    "website": "",
    "lat": 45.461246,
    "lng": 12.305442,
    "isVerified": true,
    "isFeatured": true,
    "featuredRank": 1,
    "tags": [
      "meat",
      "family"
    ],
    "notes": "Popular with travelers for Friday lunch."
  },
  {
    "id": "v-002",
    "cityId": "venice",
    "name": "Venice Jerusalem Grill",
    "category": "restaurant",
    "address": "122 Herzl Avenue, Venice",
    "phone": "+33 300 1192",
    "website": "",
    "lat": 45.395957,
    "lng": 12.345588,
    "isVerified": false,
    "isFeatured": false,
    "featuredRank": 2,
    "tags": [
      "dairy",
      "family"
    ],
    "notes": ""
  },
  {
    "id": "v-003",
    "cityId": "venice",
    "name": "Venice Shalom Kitchen",
    "category": "restaurant",
    "address": "123 Market Street, Venice",
    "phone": "+32 502 7392",
    "website": "",
    "lat": 45.476941,
    "lng": 12.29028,
    "isVerified": false,
    "isFeatured": false,
    "featuredRank": 3,
    "tags": [
      "meat",
      "family"
    ],
    "notes": ""
  },
  {
    "id": "v-004",
    "cityId": "venice",
    "name": "Venice Kosher Market",
    "category": "grocery",
    "address": "124 Market Street, Venice",
    "phone": "+43 873 5508",
    "website": "",
    "lat": 45.485691,
    "lng": 12.326201,
    "isVerified": true,
    "isFeatured": true,
    "featuredRank": 2,
    "tags": [
      "supermarket",
      "shabbat supplies"
    ],
    "notes": "Good challah and ready-to-serve meals on Thursday evenings."
  },
  {
    "id": "v-005",
    "cityId": "venice",
    "name": "Venice Manna Grocery",
    "category": "grocery",
    "address": "125 Central District, Venice",
    "phone": "+39 750 3439",
    "website": "",
    "lat": 45.472683,
    "lng": 12.289177,
    "isVerified": false,
    "isFeatured": false,
    "featuredRank": null,
    "tags": [
      "supermarket",
      "shabbat supplies"
    ],
    "notes": ""
  },
  {
    "id": "v-006",
    "cityId": "venice",
    "name": "Venice Shabbat Pantry",
    "category": "grocery",
    "address": "126 Market Street, Venice",
    "phone": "+36 891 7116",
    "website": "",
    "lat": 45.418239,
    "lng": 12.287387,
    "isVerified": false,
    "isFeatured": false,
    "featuredRank": null,
    "tags": [
      "supermarket",
      "shabbat supplies"
    ],
    "notes": ""
  },
  {
    "id": "v-007",
    "cityId": "venice",
    "name": "Venice Chabad House",
    "category": "chabad",
    "address": "127 Central District, Venice",
    "phone": "+42 996 9998",
    "website": "",
    "lat": 45.466463,
    "lng": 12.30683,
    "isVerified": true,
    "isFeatured": true,
    "featuredRank": 3,
    "tags": [
      "synagogue nearby",
      "community"
    ],
    "notes": "Hosts Friday night meals with prior registration."
  },
  {
    "id": "v-008",
    "cityId": "venice",
    "name": "Venice Beit Chabad",
    "category": "chabad",
    "address": "128 Herzl Avenue, Venice",
    "phone": "+44 729 3270",
    "website": "",
    "lat": 45.414109,
    "lng": 12.265169,
    "isVerified": false,
    "isFeatured": false,
    "featuredRank": null,
    "tags": [
      "synagogue nearby",
      "community"
    ],
    "notes": "Daily minyan and traveler support."
  },
  {
    "id": "f-001",
    "cityId": "florence",
    "name": "Florence Levana Kosher Bistro",
    "category": "restaurant",
    "address": "121 Central District, Florence",
    "phone": "+47 230 3797",
    "website": "",
    "lat": 43.782604,
    "lng": 11.230145,
    "isVerified": true,
    "isFeatured": true,
    "featuredRank": 1,
    "tags": [
      "meat",
      "family"
    ],
    "notes": "Popular with travelers for Friday lunch."
  },
  {
    "id": "f-002",
    "cityId": "florence",
    "name": "Florence Jerusalem Grill",
    "category": "restaurant",
    "address": "122 Jewish Quarter, Florence",
    "phone": "+38 856 5262",
    "website": "",
    "lat": 43.767097,
    "lng": 11.23704,
    "isVerified": false,
    "isFeatured": false,
    "featuredRank": 2,
    "tags": [
      "dairy",
      "family"
    ],
    "notes": ""
  },
  {
    "id": "f-003",
    "cityId": "florence",
    "name": "Florence Shalom Kitchen",
    "category": "restaurant",
    "address": "123 King David Street, Florence",
    "phone": "+47 784 7461",
    "website": "",
    "lat": 43.761159,
    "lng": 11.22444,
    "isVerified": false,
    "isFeatured": false,
    "featuredRank": 3,
    "tags": [
      "meat",
      "family"
    ],
    "notes": ""
  },
  {
    "id": "f-004",
    "cityId": "florence",
    "name": "Florence Kosher Market",
    "category": "grocery",
    "address": "124 Old Town, Florence",
    "phone": "+36 612 9144",
    "website": "",
    "lat": 43.735377,
    "lng": 11.272985,
    "isVerified": true,
    "isFeatured": true,
    "featuredRank": 2,
    "tags": [
      "supermarket",
      "shabbat supplies"
    ],
    "notes": "Good challah and ready-to-serve meals on Thursday evenings."
  },
  {
    "id": "f-005",
    "cityId": "florence",
    "name": "Florence Manna Grocery",
    "category": "grocery",
    "address": "125 Market Street, Florence",
    "phone": "+44 537 3287",
    "website": "",
    "lat": 43.774135,
    "lng": 11.250158,
    "isVerified": false,
    "isFeatured": false,
    "featuredRank": null,
    "tags": [
      "supermarket",
      "shabbat supplies"
    ],
    "notes": ""
  },
  {
    "id": "f-006",
    "cityId": "florence",
    "name": "Florence Shabbat Pantry",
    "category": "grocery",
    "address": "126 Riverside, Florence",
    "phone": "+40 669 2492",
    "website": "",
    "lat": 43.773901,
    "lng": 11.22509,
    "isVerified": false,
    "isFeatured": false,
    "featuredRank": null,
    "tags": [
      "supermarket",
      "shabbat supplies"
    ],
    "notes": ""
  },
  {
    "id": "f-007",
    "cityId": "florence",
    "name": "Florence Chabad House",
    "category": "chabad",
    "address": "127 City Center, Florence",
    "phone": "+30 867 7763",
    "website": "",
    "lat": 43.753336,
    "lng": 11.239997,
    "isVerified": true,
    "isFeatured": true,
    "featuredRank": 3,
    "tags": [
      "synagogue nearby",
      "community"
    ],
    "notes": "Hosts Friday night meals with prior registration."
  },
  {
    "id": "f-008",
    "cityId": "florence",
    "name": "Florence Beit Chabad",
    "category": "chabad",
    "address": "128 City Center, Florence",
    "phone": "+42 376 6541",
    "website": "",
    "lat": 43.759055,
    "lng": 11.285301,
    "isVerified": false,
    "isFeatured": false,
    "featuredRank": null,
    "tags": [
      "synagogue nearby",
      "community"
    ],
    "notes": "Daily minyan and traveler support."
  },
  {
    "id": "b-001",
    "cityId": "brussels",
    "name": "Brussels Levana Kosher Bistro",
    "category": "restaurant",
    "address": "121 Market Street, Brussels",
    "phone": "+34 803 9247",
    "website": "",
    "lat": 50.87299,
    "lng": 4.351478,
    "isVerified": true,
    "isFeatured": true,
    "featuredRank": 1,
    "tags": [
      "meat",
      "family"
    ],
    "notes": "Popular with travelers for Friday lunch."
  },
  {
    "id": "b-002",
    "cityId": "brussels",
    "name": "Brussels Jerusalem Grill",
    "category": "restaurant",
    "address": "122 City Center, Brussels",
    "phone": "+32 377 5070",
    "website": "",
    "lat": 50.85293,
    "lng": 4.386537,
    "isVerified": false,
    "isFeatured": false,
    "featuredRank": 2,
    "tags": [
      "dairy",
      "family"
    ],
    "notes": ""
  },
  {
    "id": "b-003",
    "cityId": "brussels",
    "name": "Brussels Shalom Kitchen",
    "category": "restaurant",
    "address": "123 Herzl Avenue, Brussels",
    "phone": "+39 969 1357",
    "website": "",
    "lat": 50.83991,
    "lng": 4.369195,
    "isVerified": false,
    "isFeatured": false,
    "featuredRank": 3,
    "tags": [
      "meat",
      "family"
    ],
    "notes": ""
  },
  {
    "id": "b-004",
    "cityId": "brussels",
    "name": "Brussels Kosher Market",
    "category": "grocery",
    "address": "124 King David Street, Brussels",
    "phone": "+48 601 1002",
    "website": "",
    "lat": 50.816752,
    "lng": 4.342724,
    "isVerified": true,
    "isFeatured": true,
    "featuredRank": 2,
    "tags": [
      "supermarket",
      "shabbat supplies"
    ],
    "notes": "Good challah and ready-to-serve meals on Thursday evenings."
  },
  {
    "id": "b-005",
    "cityId": "brussels",
    "name": "Brussels Manna Grocery",
    "category": "grocery",
    "address": "125 King David Street, Brussels",
    "phone": "+44 354 2786",
    "website": "",
    "lat": 50.811882,
    "lng": 4.403329,
    "isVerified": false,
    "isFeatured": false,
    "featuredRank": null,
    "tags": [
      "supermarket",
      "shabbat supplies"
    ],
    "notes": ""
  },
  {
    "id": "b-006",
    "cityId": "brussels",
    "name": "Brussels Shabbat Pantry",
    "category": "grocery",
    "address": "126 Old Town, Brussels",
    "phone": "+44 187 1647",
    "website": "",
    "lat": 50.825442,
    "lng": 4.309948,
    "isVerified": false,
    "isFeatured": false,
    "featuredRank": null,
    "tags": [
      "supermarket",
      "shabbat supplies"
    ],
    "notes": ""
  },
  {
    "id": "b-007",
    "cityId": "brussels",
    "name": "Brussels Chabad House",
    "category": "chabad",
    "address": "127 Central District, Brussels",
    "phone": "+39 231 5125",
    "website": "",
    "lat": 50.805423,
    "lng": 4.306778,
    "isVerified": true,
    "isFeatured": true,
    "featuredRank": 3,
    "tags": [
      "synagogue nearby",
      "community"
    ],
    "notes": "Hosts Friday night meals with prior registration."
  },
  {
    "id": "b-008",
    "cityId": "brussels",
    "name": "Brussels Beit Chabad",
    "category": "chabad",
    "address": "128 Old Town, Brussels",
    "phone": "+33 172 5920",
    "website": "",
    "lat": 50.852843,
    "lng": 4.344192,
    "isVerified": false,
    "isFeatured": false,
    "featuredRank": null,
    "tags": [
      "synagogue nearby",
      "community"
    ],
    "notes": "Daily minyan and traveler support."
  },
  {
    "id": "z-001",
    "cityId": "zurich",
    "name": "Zurich Levana Kosher Bistro",
    "category": "restaurant",
    "address": "121 Herzl Avenue, Zurich",
    "phone": "+38 328 1018",
    "website": "",
    "lat": 47.379099,
    "lng": 8.551647,
    "isVerified": true,
    "isFeatured": true,
    "featuredRank": 1,
    "tags": [
      "meat",
      "family"
    ],
    "notes": "Popular with travelers for Friday lunch."
  },
  {
    "id": "z-002",
    "cityId": "zurich",
    "name": "Zurich Jerusalem Grill",
    "category": "restaurant",
    "address": "122 King David Street, Zurich",
    "phone": "+38 423 4970",
    "website": "",
    "lat": 47.332842,
    "lng": 8.517883,
    "isVerified": false,
    "isFeatured": false,
    "featuredRank": 2,
    "tags": [
      "dairy",
      "family"
    ],
    "notes": ""
  },
  {
    "id": "z-003",
    "cityId": "zurich",
    "name": "Zurich Shalom Kitchen",
    "category": "restaurant",
    "address": "123 City Center, Zurich",
    "phone": "+30 521 6036",
    "website": "",
    "lat": 47.374677,
    "lng": 8.509872,
    "isVerified": false,
    "isFeatured": false,
    "featuredRank": 3,
    "tags": [
      "meat",
      "family"
    ],
    "notes": ""
  },
  {
    "id": "z-004",
    "cityId": "zurich",
    "name": "Zurich Kosher Market",
    "category": "grocery",
    "address": "124 Herzl Avenue, Zurich",
    "phone": "+32 363 4732",
    "website": "",
    "lat": 47.336878,
    "lng": 8.504994,
    "isVerified": true,
    "isFeatured": true,
    "featuredRank": 2,
    "tags": [
      "supermarket",
      "shabbat supplies"
    ],
    "notes": "Good challah and ready-to-serve meals on Thursday evenings."
  },
  {
    "id": "z-005",
    "cityId": "zurich",
    "name": "Zurich Manna Grocery",
    "category": "grocery",
    "address": "125 City Center, Zurich",
    "phone": "+45 134 6538",
    "website": "",
    "lat": 47.391962,
    "lng": 8.592719,
    "isVerified": false,
    "isFeatured": false,
    "featuredRank": null,
    "tags": [
      "supermarket",
      "shabbat supplies"
    ],
    "notes": ""
  },
  {
    "id": "z-006",
    "cityId": "zurich",
    "name": "Zurich Shabbat Pantry",
    "category": "grocery",
    "address": "126 Herzl Avenue, Zurich",
    "phone": "+36 106 5785",
    "website": "",
    "lat": 47.39655,
    "lng": 8.525178,
    "isVerified": false,
    "isFeatured": false,
    "featuredRank": null,
    "tags": [
      "supermarket",
      "shabbat supplies"
    ],
    "notes": ""
  },
  {
    "id": "z-007",
    "cityId": "zurich",
    "name": "Zurich Chabad House",
    "category": "chabad",
    "address": "127 City Center, Zurich",
    "phone": "+45 305 6107",
    "website": "",
    "lat": 47.398422,
    "lng": 8.542285,
    "isVerified": true,
    "isFeatured": true,
    "featuredRank": 3,
    "tags": [
      "synagogue nearby",
      "community"
    ],
    "notes": "Hosts Friday night meals with prior registration."
  },
  {
    "id": "z-008",
    "cityId": "zurich",
    "name": "Zurich Beit Chabad",
    "category": "chabad",
    "address": "128 King David Street, Zurich",
    "phone": "+37 371 5832",
    "website": "",
    "lat": 47.400827,
    "lng": 8.504972,
    "isVerified": false,
    "isFeatured": false,
    "featuredRank": null,
    "tags": [
      "synagogue nearby",
      "community"
    ],
    "notes": "Daily minyan and traveler support."
  },
  {
    "id": "g-001",
    "cityId": "geneva",
    "name": "Geneva Levana Kosher Bistro",
    "category": "restaurant",
    "address": "121 Riverside, Geneva",
    "phone": "+37 596 7832",
    "website": "",
    "lat": 46.169211,
    "lng": 6.158032,
    "isVerified": true,
    "isFeatured": true,
    "featuredRank": 1,
    "tags": [
      "meat",
      "family"
    ],
    "notes": "Popular with travelers for Friday lunch."
  },
  {
    "id": "g-002",
    "cityId": "geneva",
    "name": "Geneva Jerusalem Grill",
    "category": "restaurant",
    "address": "122 Riverside, Geneva",
    "phone": "+42 155 4488",
    "website": "",
    "lat": 46.241336,
    "lng": 6.08997,
    "isVerified": false,
    "isFeatured": false,
    "featuredRank": 2,
    "tags": [
      "dairy",
      "family"
    ],
    "notes": ""
  },
  {
    "id": "g-003",
    "cityId": "geneva",
    "name": "Geneva Shalom Kitchen",
    "category": "restaurant",
    "address": "123 Herzl Avenue, Geneva",
    "phone": "+31 826 1985",
    "website": "",
    "lat": 46.161527,
    "lng": 6.154735,
    "isVerified": false,
    "isFeatured": false,
    "featuredRank": 3,
    "tags": [
      "meat",
      "family"
    ],
    "notes": ""
  },
  {
    "id": "g-004",
    "cityId": "geneva",
    "name": "Geneva Kosher Market",
    "category": "grocery",
    "address": "124 Market Street, Geneva",
    "phone": "+33 181 3713",
    "website": "",
    "lat": 46.175969,
    "lng": 6.137157,
    "isVerified": true,
    "isFeatured": true,
    "featuredRank": 2,
    "tags": [
      "supermarket",
      "shabbat supplies"
    ],
    "notes": "Good challah and ready-to-serve meals on Thursday evenings."
  },
  {
    "id": "g-005",
    "cityId": "geneva",
    "name": "Geneva Manna Grocery",
    "category": "grocery",
    "address": "125 King David Street, Geneva",
    "phone": "+31 419 7203",
    "website": "",
    "lat": 46.189032,
    "lng": 6.105461,
    "isVerified": false,
    "isFeatured": false,
    "featuredRank": null,
    "tags": [
      "supermarket",
      "shabbat supplies"
    ],
    "notes": ""
  },
  {
    "id": "g-006",
    "cityId": "geneva",
    "name": "Geneva Shabbat Pantry",
    "category": "grocery",
    "address": "126 King David Street, Geneva",
    "phone": "+35 211 1047",
    "website": "",
    "lat": 46.234921,
    "lng": 6.201398,
    "isVerified": false,
    "isFeatured": false,
    "featuredRank": null,
    "tags": [
      "supermarket",
      "shabbat supplies"
    ],
    "notes": ""
  },
  {
    "id": "g-007",
    "cityId": "geneva",
    "name": "Geneva Chabad House",
    "category": "chabad",
    "address": "127 Herzl Avenue, Geneva",
    "phone": "+33 674 4398",
    "website": "",
    "lat": 46.166442,
    "lng": 6.092892,
    "isVerified": true,
    "isFeatured": true,
    "featuredRank": 3,
    "tags": [
      "synagogue nearby",
      "community"
    ],
    "notes": "Hosts Friday night meals with prior registration."
  },
  {
    "id": "g-008",
    "cityId": "geneva",
    "name": "Geneva Beit Chabad",
    "category": "chabad",
    "address": "128 Jewish Quarter, Geneva",
    "phone": "+43 189 1807",
    "website": "",
    "lat": 46.193612,
    "lng": 6.175448,
    "isVerified": false,
    "isFeatured": false,
    "featuredRank": null,
    "tags": [
      "synagogue nearby",
      "community"
    ],
    "notes": "Daily minyan and traveler support."
  },
  {
    "id": "c-001",
    "cityId": "copenhagen",
    "name": "Copenhagen Levana Kosher Bistro",
    "category": "restaurant",
    "address": "121 King David Street, Copenhagen",
    "phone": "+36 431 6967",
    "website": "",
    "lat": 55.694573,
    "lng": 12.531786,
    "isVerified": true,
    "isFeatured": true,
    "featuredRank": 1,
    "tags": [
      "meat",
      "family"
    ],
    "notes": "Popular with travelers for Friday lunch."
  },
  {
    "id": "c-002",
    "cityId": "copenhagen",
    "name": "Copenhagen Jerusalem Grill",
    "category": "restaurant",
    "address": "122 Herzl Avenue, Copenhagen",
    "phone": "+37 931 7631",
    "website": "",
    "lat": 55.697459,
    "lng": 12.565244,
    "isVerified": false,
    "isFeatured": false,
    "featuredRank": 2,
    "tags": [
      "dairy",
      "family"
    ],
    "notes": ""
  },
  {
    "id": "c-003",
    "cityId": "copenhagen",
    "name": "Copenhagen Shalom Kitchen",
    "category": "restaurant",
    "address": "123 Old Town, Copenhagen",
    "phone": "+31 363 4193",
    "website": "",
    "lat": 55.634758,
    "lng": 12.512483,
    "isVerified": false,
    "isFeatured": false,
    "featuredRank": 3,
    "tags": [
      "meat",
      "family"
    ],
    "notes": ""
  },
  {
    "id": "c-004",
    "cityId": "copenhagen",
    "name": "Copenhagen Kosher Market",
    "category": "grocery",
    "address": "124 Market Street, Copenhagen",
    "phone": "+41 378 6488",
    "website": "",
    "lat": 55.698356,
    "lng": 12.616126,
    "isVerified": true,
    "isFeatured": true,
    "featuredRank": 2,
    "tags": [
      "supermarket",
      "shabbat supplies"
    ],
    "notes": "Good challah and ready-to-serve meals on Thursday evenings."
  },
  {
    "id": "c-005",
    "cityId": "copenhagen",
    "name": "Copenhagen Manna Grocery",
    "category": "grocery",
    "address": "125 Jewish Quarter, Copenhagen",
    "phone": "+40 382 5872",
    "website": "",
    "lat": 55.717292,
    "lng": 12.582337,
    "isVerified": false,
    "isFeatured": false,
    "featuredRank": null,
    "tags": [
      "supermarket",
      "shabbat supplies"
    ],
    "notes": ""
  },
  {
    "id": "c-006",
    "cityId": "copenhagen",
    "name": "Copenhagen Shabbat Pantry",
    "category": "grocery",
    "address": "126 Old Town, Copenhagen",
    "phone": "+30 945 4831",
    "website": "",
    "lat": 55.631439,
    "lng": 12.598978,
    "isVerified": false,
    "isFeatured": false,
    "featuredRank": null,
    "tags": [
      "supermarket",
      "shabbat supplies"
    ],
    "notes": ""
  },
  {
    "id": "c-007",
    "cityId": "copenhagen",
    "name": "Copenhagen Chabad House",
    "category": "chabad",
    "address": "127 King David Street, Copenhagen",
    "phone": "+42 908 5113",
    "website": "",
    "lat": 55.640754,
    "lng": 12.594169,
    "isVerified": true,
    "isFeatured": true,
    "featuredRank": 3,
    "tags": [
      "synagogue nearby",
      "community"
    ],
    "notes": "Hosts Friday night meals with prior registration."
  },
  {
    "id": "c-008",
    "cityId": "copenhagen",
    "name": "Copenhagen Beit Chabad",
    "category": "chabad",
    "address": "128 Riverside, Copenhagen",
    "phone": "+45 287 1142",
    "website": "",
    "lat": 55.713319,
    "lng": 12.606076,
    "isVerified": false,
    "isFeatured": false,
    "featuredRank": null,
    "tags": [
      "synagogue nearby",
      "community"
    ],
    "notes": "Daily minyan and traveler support."
  },
  {
    "id": "s-001",
    "cityId": "stockholm",
    "name": "Stockholm Levana Kosher Bistro",
    "category": "restaurant",
    "address": "121 Riverside, Stockholm",
    "phone": "+49 341 6370",
    "website": "",
    "lat": 59.356531,
    "lng": 18.097219,
    "isVerified": true,
    "isFeatured": true,
    "featuredRank": 1,
    "tags": [
      "meat",
      "family"
    ],
    "notes": "Popular with travelers for Friday lunch."
  },
  {
    "id": "s-002",
    "cityId": "stockholm",
    "name": "Stockholm Jerusalem Grill",
    "category": "restaurant",
    "address": "122 Old Town, Stockholm",
    "phone": "+46 302 7417",
    "website": "",
    "lat": 59.361812,
    "lng": 18.063894,
    "isVerified": false,
    "isFeatured": false,
    "featuredRank": 2,
    "tags": [
      "dairy",
      "family"
    ],
    "notes": ""
  },
  {
    "id": "s-003",
    "cityId": "stockholm",
    "name": "Stockholm Shalom Kitchen",
    "category": "restaurant",
    "address": "123 Old Town, Stockholm",
    "phone": "+31 593 9922",
    "website": "",
    "lat": 59.35206,
    "lng": 18.038277,
    "isVerified": false,
    "isFeatured": false,
    "featuredRank": 3,
    "tags": [
      "meat",
      "family"
    ],
    "notes": ""
  },
  {
    "id": "s-004",
    "cityId": "stockholm",
    "name": "Stockholm Kosher Market",
    "category": "grocery",
    "address": "124 Old Town, Stockholm",
    "phone": "+32 371 2377",
    "website": "",
    "lat": 59.313618,
    "lng": 18.126231,
    "isVerified": true,
    "isFeatured": true,
    "featuredRank": 2,
    "tags": [
      "supermarket",
      "shabbat supplies"
    ],
    "notes": "Good challah and ready-to-serve meals on Thursday evenings."
  },
  {
    "id": "s-005",
    "cityId": "stockholm",
    "name": "Stockholm Manna Grocery",
    "category": "grocery",
    "address": "125 King David Street, Stockholm",
    "phone": "+35 339 3177",
    "website": "",
    "lat": 59.303051,
    "lng": 18.059127,
    "isVerified": false,
    "isFeatured": false,
    "featuredRank": null,
    "tags": [
      "supermarket",
      "shabbat supplies"
    ],
    "notes": ""
  },
  {
    "id": "s-006",
    "cityId": "stockholm",
    "name": "Stockholm Shabbat Pantry",
    "category": "grocery",
    "address": "126 City Center, Stockholm",
    "phone": "+47 967 2985",
    "website": "",
    "lat": 59.321816,
    "lng": 18.083037,
    "isVerified": false,
    "isFeatured": false,
    "featuredRank": null,
    "tags": [
      "supermarket",
      "shabbat supplies"
    ],
    "notes": ""
  },
  {
    "id": "s-007",
    "cityId": "stockholm",
    "name": "Stockholm Chabad House",
    "category": "chabad",
    "address": "127 Jewish Quarter, Stockholm",
    "phone": "+48 374 7110",
    "website": "",
    "lat": 59.354478,
    "lng": 18.043871,
    "isVerified": true,
    "isFeatured": true,
    "featuredRank": 3,
    "tags": [
      "synagogue nearby",
      "community"
    ],
    "notes": "Hosts Friday night meals with prior registration."
  },
  {
    "id": "s-008",
    "cityId": "stockholm",
    "name": "Stockholm Beit Chabad",
    "category": "chabad",
    "address": "128 King David Street, Stockholm",
    "phone": "+37 290 5019",
    "website": "",
    "lat": 59.307165,
    "lng": 18.03984,
    "isVerified": false,
    "isFeatured": false,
    "featuredRank": null,
    "tags": [
      "synagogue nearby",
      "community"
    ],
    "notes": "Daily minyan and traveler support."
  },
  {
    "id": "d-001",
    "cityId": "dublin",
    "name": "Dublin Levana Kosher Bistro",
    "category": "restaurant",
    "address": "121 City Center, Dublin",
    "phone": "+40 166 7489",
    "website": "",
    "lat": 53.325995,
    "lng": -6.286538,
    "isVerified": true,
    "isFeatured": true,
    "featuredRank": 1,
    "tags": [
      "meat",
      "family"
    ],
    "notes": "Popular with travelers for Friday lunch."
  },
  {
    "id": "d-002",
    "cityId": "dublin",
    "name": "Dublin Jerusalem Grill",
    "category": "restaurant",
    "address": "122 City Center, Dublin",
    "phone": "+33 769 8600",
    "website": "",
    "lat": 53.327449,
    "lng": -6.290786,
    "isVerified": false,
    "isFeatured": false,
    "featuredRank": 2,
    "tags": [
      "dairy",
      "family"
    ],
    "notes": ""
  },
  {
    "id": "d-003",
    "cityId": "dublin",
    "name": "Dublin Shalom Kitchen",
    "category": "restaurant",
    "address": "123 King David Street, Dublin",
    "phone": "+37 960 8344",
    "website": "",
    "lat": 53.393986,
    "lng": -6.30802,
    "isVerified": false,
    "isFeatured": false,
    "featuredRank": 3,
    "tags": [
      "meat",
      "family"
    ],
    "notes": ""
  },
  {
    "id": "d-004",
    "cityId": "dublin",
    "name": "Dublin Kosher Market",
    "category": "grocery",
    "address": "124 Jewish Quarter, Dublin",
    "phone": "+37 222 1825",
    "website": "",
    "lat": 53.387094,
    "lng": -6.315457,
    "isVerified": true,
    "isFeatured": true,
    "featuredRank": 2,
    "tags": [
      "supermarket",
      "shabbat supplies"
    ],
    "notes": "Good challah and ready-to-serve meals on Thursday evenings."
  },
  {
    "id": "d-005",
    "cityId": "dublin",
    "name": "Dublin Manna Grocery",
    "category": "grocery",
    "address": "125 City Center, Dublin",
    "phone": "+32 481 9399",
    "website": "",
    "lat": 53.321862,
    "lng": -6.203544,
    "isVerified": false,
    "isFeatured": false,
    "featuredRank": null,
    "tags": [
      "supermarket",
      "shabbat supplies"
    ],
    "notes": ""
  },
  {
    "id": "d-006",
    "cityId": "dublin",
    "name": "Dublin Shabbat Pantry",
    "category": "grocery",
    "address": "126 Jewish Quarter, Dublin",
    "phone": "+30 208 6729",
    "website": "",
    "lat": 53.382751,
    "lng": -6.266406,
    "isVerified": false,
    "isFeatured": false,
    "featuredRank": null,
    "tags": [
      "supermarket",
      "shabbat supplies"
    ],
    "notes": ""
  },
  {
    "id": "d-007",
    "cityId": "dublin",
    "name": "Dublin Chabad House",
    "category": "chabad",
    "address": "127 Riverside, Dublin",
    "phone": "+31 308 5176",
    "website": "",
    "lat": 53.324388,
    "lng": -6.276055,
    "isVerified": true,
    "isFeatured": true,
    "featuredRank": 3,
    "tags": [
      "synagogue nearby",
      "community"
    ],
    "notes": "Hosts Friday night meals with prior registration."
  },
  {
    "id": "d-008",
    "cityId": "dublin",
    "name": "Dublin Beit Chabad",
    "category": "chabad",
    "address": "128 City Center, Dublin",
    "phone": "+30 938 6361",
    "website": "",
    "lat": 53.308241,
    "lng": -6.232433,
    "isVerified": false,
    "isFeatured": false,
    "featuredRank": null,
    "tags": [
      "synagogue nearby",
      "community"
    ],
    "notes": "Daily minyan and traveler support."
  },
  {
    "id": "ny-001",
    "cityId": "new-york",
    "name": "New York Levana Kosher Bistro",
    "category": "restaurant",
    "address": "121 Jewish Quarter, New York",
    "phone": "+32 308 1515",
    "website": "",
    "lat": 40.70461,
    "lng": -74.021383,
    "isVerified": true,
    "isFeatured": true,
    "featuredRank": 1,
    "tags": [
      "meat",
      "family"
    ],
    "notes": "Popular with travelers for Friday lunch."
  },
  {
    "id": "ny-002",
    "cityId": "new-york",
    "name": "New York Jerusalem Grill",
    "category": "restaurant",
    "address": "122 Old Town, New York",
    "phone": "+43 203 7476",
    "website": "",
    "lat": 40.739375,
    "lng": -74.000235,
    "isVerified": false,
    "isFeatured": false,
    "featuredRank": 2,
    "tags": [
      "dairy",
      "family"
    ],
    "notes": ""
  },
  {
    "id": "ny-003",
    "cityId": "new-york",
    "name": "New York Shalom Kitchen",
    "category": "restaurant",
    "address": "123 Old Town, New York",
    "phone": "+35 507 5442",
    "website": "",
    "lat": 40.727562,
    "lng": -74.047454,
    "isVerified": false,
    "isFeatured": false,
    "featuredRank": 3,
    "tags": [
      "meat",
      "family"
    ],
    "notes": ""
  },
  {
    "id": "ny-004",
    "cityId": "new-york",
    "name": "New York Kosher Market",
    "category": "grocery",
    "address": "124 Jewish Quarter, New York",
    "phone": "+43 152 6117",
    "website": "",
    "lat": 40.704681,
    "lng": -74.032004,
    "isVerified": true,
    "isFeatured": true,
    "featuredRank": 2,
    "tags": [
      "supermarket",
      "shabbat supplies"
    ],
    "notes": "Good challah and ready-to-serve meals on Thursday evenings."
  },
  {
    "id": "ny-005",
    "cityId": "new-york",
    "name": "New York Manna Grocery",
    "category": "grocery",
    "address": "125 Herzl Avenue, New York",
    "phone": "+43 118 6960",
    "website": "",
    "lat": 40.73488,
    "lng": -73.959957,
    "isVerified": false,
    "isFeatured": false,
    "featuredRank": null,
    "tags": [
      "supermarket",
      "shabbat supplies"
    ],
    "notes": ""
  },
  {
    "id": "ny-006",
    "cityId": "new-york",
    "name": "New York Shabbat Pantry",
    "category": "grocery",
    "address": "126 Herzl Avenue, New York",
    "phone": "+36 106 8113",
    "website": "",
    "lat": 40.725803,
    "lng": -74.019112,
    "isVerified": false,
    "isFeatured": false,
    "featuredRank": null,
    "tags": [
      "supermarket",
      "shabbat supplies"
    ],
    "notes": ""
  },
  {
    "id": "ny-007",
    "cityId": "new-york",
    "name": "New York Chabad House",
    "category": "chabad",
    "address": "127 Old Town, New York",
    "phone": "+42 691 6975",
    "website": "",
    "lat": 40.748947,
    "lng": -74.015149,
    "isVerified": true,
    "isFeatured": true,
    "featuredRank": 3,
    "tags": [
      "synagogue nearby",
      "community"
    ],
    "notes": "Hosts Friday night meals with prior registration."
  },
  {
    "id": "ny-008",
    "cityId": "new-york",
    "name": "New York Beit Chabad",
    "category": "chabad",
    "address": "128 Central District, New York",
    "phone": "+31 664 3334",
    "website": "",
    "lat": 40.709282,
    "lng": -74.046495,
    "isVerified": false,
    "isFeatured": false,
    "featuredRank": null,
    "tags": [
      "synagogue nearby",
      "community"
    ],
    "notes": "Daily minyan and traveler support."
  },
  {
    "id": "la-001",
    "cityId": "los-angeles",
    "name": "Los Angeles Levana Kosher Bistro",
    "category": "restaurant",
    "address": "121 Old Town, Los Angeles",
    "phone": "+48 737 7075",
    "website": "",
    "lat": 34.06486,
    "lng": -118.194525,
    "isVerified": true,
    "isFeatured": true,
    "featuredRank": 1,
    "tags": [
      "meat",
      "family"
    ],
    "notes": "Popular with travelers for Friday lunch."
  },
  {
    "id": "la-002",
    "cityId": "los-angeles",
    "name": "Los Angeles Jerusalem Grill",
    "category": "restaurant",
    "address": "122 Market Street, Los Angeles",
    "phone": "+39 265 9538",
    "website": "",
    "lat": 34.073552,
    "lng": -118.283098,
    "isVerified": false,
    "isFeatured": false,
    "featuredRank": 2,
    "tags": [
      "dairy",
      "family"
    ],
    "notes": ""
  },
  {
    "id": "la-003",
    "cityId": "los-angeles",
    "name": "Los Angeles Shalom Kitchen",
    "category": "restaurant",
    "address": "123 Herzl Avenue, Los Angeles",
    "phone": "+45 871 4233",
    "website": "",
    "lat": 34.022661,
    "lng": -118.295648,
    "isVerified": false,
    "isFeatured": false,
    "featuredRank": 3,
    "tags": [
      "meat",
      "family"
    ],
    "notes": ""
  },
  {
    "id": "la-004",
    "cityId": "los-angeles",
    "name": "Los Angeles Kosher Market",
    "category": "grocery",
    "address": "124 Central District, Los Angeles",
    "phone": "+45 422 1874",
    "website": "",
    "lat": 34.034345,
    "lng": -118.203225,
    "isVerified": true,
    "isFeatured": true,
    "featuredRank": 2,
    "tags": [
      "supermarket",
      "shabbat supplies"
    ],
    "notes": "Good challah and ready-to-serve meals on Thursday evenings."
  },
  {
    "id": "la-005",
    "cityId": "los-angeles",
    "name": "Los Angeles Manna Grocery",
    "category": "grocery",
    "address": "125 Old Town, Los Angeles",
    "phone": "+49 804 3625",
    "website": "",
    "lat": 34.061888,
    "lng": -118.227336,
    "isVerified": false,
    "isFeatured": false,
    "featuredRank": null,
    "tags": [
      "supermarket",
      "shabbat supplies"
    ],
    "notes": ""
  },
  {
    "id": "la-006",
    "cityId": "los-angeles",
    "name": "Los Angeles Shabbat Pantry",
    "category": "grocery",
    "address": "126 Herzl Avenue, Los Angeles",
    "phone": "+49 966 4213",
    "website": "",
    "lat": 34.064829,
    "lng": -118.200909,
    "isVerified": false,
    "isFeatured": false,
    "featuredRank": null,
    "tags": [
      "supermarket",
      "shabbat supplies"
    ],
    "notes": ""
  },
  {
    "id": "la-007",
    "cityId": "los-angeles",
    "name": "Los Angeles Chabad House",
    "category": "chabad",
    "address": "127 City Center, Los Angeles",
    "phone": "+31 509 9485",
    "website": "",
    "lat": 34.081827,
    "lng": -118.281744,
    "isVerified": true,
    "isFeatured": true,
    "featuredRank": 3,
    "tags": [
      "synagogue nearby",
      "community"
    ],
    "notes": "Hosts Friday night meals with prior registration."
  },
  {
    "id": "la-008",
    "cityId": "los-angeles",
    "name": "Los Angeles Beit Chabad",
    "category": "chabad",
    "address": "128 Riverside, Los Angeles",
    "phone": "+37 842 4155",
    "website": "",
    "lat": 34.021283,
    "lng": -118.260595,
    "isVerified": false,
    "isFeatured": false,
    "featuredRank": null,
    "tags": [
      "synagogue nearby",
      "community"
    ],
    "notes": "Daily minyan and traveler support."
  },
  {
    "id": "m-001",
    "cityId": "miami",
    "name": "Miami Levana Kosher Bistro",
    "category": "restaurant",
    "address": "121 Central District, Miami",
    "phone": "+40 220 7387",
    "website": "",
    "lat": 25.720399,
    "lng": -80.184319,
    "isVerified": true,
    "isFeatured": true,
    "featuredRank": 1,
    "tags": [
      "meat",
      "family"
    ],
    "notes": "Popular with travelers for Friday lunch."
  },
  {
    "id": "m-002",
    "cityId": "miami",
    "name": "Miami Jerusalem Grill",
    "category": "restaurant",
    "address": "122 Jewish Quarter, Miami",
    "phone": "+43 415 5083",
    "website": "",
    "lat": 25.770657,
    "lng": -80.185794,
    "isVerified": false,
    "isFeatured": false,
    "featuredRank": 2,
    "tags": [
      "dairy",
      "family"
    ],
    "notes": ""
  },
  {
    "id": "m-003",
    "cityId": "miami",
    "name": "Miami Shalom Kitchen",
    "category": "restaurant",
    "address": "123 King David Street, Miami",
    "phone": "+46 548 3928",
    "website": "",
    "lat": 25.755017,
    "lng": -80.172739,
    "isVerified": false,
    "isFeatured": false,
    "featuredRank": 3,
    "tags": [
      "meat",
      "family"
    ],
    "notes": ""
  },
  {
    "id": "m-004",
    "cityId": "miami",
    "name": "Miami Kosher Market",
    "category": "grocery",
    "address": "124 King David Street, Miami",
    "phone": "+44 340 8320",
    "website": "",
    "lat": 25.718804,
    "lng": -80.177533,
    "isVerified": true,
    "isFeatured": true,
    "featuredRank": 2,
    "tags": [
      "supermarket",
      "shabbat supplies"
    ],
    "notes": "Good challah and ready-to-serve meals on Thursday evenings."
  },
  {
    "id": "m-005",
    "cityId": "miami",
    "name": "Miami Manna Grocery",
    "category": "grocery",
    "address": "125 King David Street, Miami",
    "phone": "+35 929 8753",
    "website": "",
    "lat": 25.785421,
    "lng": -80.158203,
    "isVerified": false,
    "isFeatured": false,
    "featuredRank": null,
    "tags": [
      "supermarket",
      "shabbat supplies"
    ],
    "notes": ""
  },
  {
    "id": "m-006",
    "cityId": "miami",
    "name": "Miami Shabbat Pantry",
    "category": "grocery",
    "address": "126 Market Street, Miami",
    "phone": "+43 474 2502",
    "website": "",
    "lat": 25.752731,
    "lng": -80.243746,
    "isVerified": false,
    "isFeatured": false,
    "featuredRank": null,
    "tags": [
      "supermarket",
      "shabbat supplies"
    ],
    "notes": ""
  },
  {
    "id": "m-007",
    "cityId": "miami",
    "name": "Miami Chabad House",
    "category": "chabad",
    "address": "127 Central District, Miami",
    "phone": "+31 751 3134",
    "website": "",
    "lat": 25.788905,
    "lng": -80.191279,
    "isVerified": true,
    "isFeatured": true,
    "featuredRank": 3,
    "tags": [
      "synagogue nearby",
      "community"
    ],
    "notes": "Hosts Friday night meals with prior registration."
  },
  {
    "id": "m-008",
    "cityId": "miami",
    "name": "Miami Beit Chabad",
    "category": "chabad",
    "address": "128 Old Town, Miami",
    "phone": "+31 870 9256",
    "website": "",
    "lat": 25.724102,
    "lng": -80.163782,
    "isVerified": false,
    "isFeatured": false,
    "featuredRank": null,
    "tags": [
      "synagogue nearby",
      "community"
    ],
    "notes": "Daily minyan and traveler support."
  }
]